CustomerID,Age,AnnualIncome,SpendingScore,PurchaseFrequency,TotalSpent,Purchase,Churn
1,56,136748,98,44,83035,1,0
2,46,25287,29,32,9016,0,0
3,32,146593,4,46,3384,0,0
4,60,54387,81,49,63320,1,0
5,25,28512,99,21,16072,1,0
6,38,21342,13,35,81018,0,0
7,56,83076,39,32,41510,0,0
8,36,128872,15,30,49933,0,0
9,40,39216,29,39,22826,0,0
10,28,137512,29,49,69026,0,0
11,28,136682,75,12,26518,0,0
12,41,113070,32,41,25045,0,0
13,53,99767,2,47,51876,0,0
14,57,117829,47,18,93446,0,0
15,41,46614,78,21,91102,1,0
16,20,56258,84,13,52919,0,0
17,39,113789,22,21,28103,0,0
18,19,62078,75,8,37188,0,0
19,41,126288,27,46,6845,0,0
20,61,103524,67,40,87698,1,0
21,47,116573,81,46,37674,1,0
22,55,32219,56,7,20337,0,0
23,19,20235,92,23,23313,1,0
24,38,62929,93,44,27943,1,0
25,50,147309,21,32,78949,0,0
26,29,87444,47,11,1276,0,0
27,39,28567,80,22,52151,1,0
28,61,121834,59,22,18611,1,0
29,42,90792,84,43,12944,1,0
30,44,85441,6,25,53887,0,0
31,59,104555,19,22,82442,0,0
32,45,93698,57,28,50847,1,0
33,33,144450,69,29,59653,1,0
34,32,137248,3,13,87072,0,0
35,64,25415,1,18,57622,0,0
36,61,56159,58,2,28810,0,0
37,20,63925,38,29,78842,0,0
38,54,146523,15,21,11503,0,0
39,24,25951,34,15,85761,0,0
40,38,107388,61,27,37976,1,0
41,26,28007,35,31,12590,0,0
42,56,146730,64,15,11886,0,0
43,35,61832,25,23,13866,0,0
44,21,78596,24,24,67624,0,0
45,42,141101,12,44,69899,0,0
46,31,50523,18,13,33792,0,0
47,26,108861,15,22,10764,0,0
48,43,144194,80,43,87156,1,0
49,19,106740,27,37,43727,0,0
50,37,35524,72,33,79471,1,0
51,45,149028,60,3,9068,0,0
52,64,39282,46,19,8295,0,0
53,24,43930,89,23,42160,1,0
54,61,20077,17,29,12390,0,0
55,25,125881,93,30,21131,1,0
56,64,145501,53,39,95754,1,0
57,52,40611,8,44,76969,0,0
58,31,36984,79,47,16038,1,0
59,34,34060,27,25,53327,0,0
60,53,102985,46,37,94718,0,0
61,57,104056,50,47,78064,0,0
62,21,145329,71,8,22281,0,0
63,19,63303,3,42,55189,0,0
64,23,79207,93,16,49511,0,0
65,59,95046,64,8,9605,0,0
66,21,49287,44,1,2381,0,0
67,46,113709,53,44,67634,1,0
68,35,59711,24,5,20810,0,1
69,43,31954,60,3,25322,0,0
70,61,93340,3,1,42869,0,1
71,51,92101,20,4,33955,0,1
72,27,91520,46,40,62388,0,0
73,53,107062,15,35,11207,0,0
74,31,122974,25,32,88329,0,0
75,48,38574,94,42,68628,1,0
76,32,29184,78,34,29220,1,0
77,25,39096,71,43,85050,1,0
78,31,87728,17,25,75085,0,0
79,40,54016,84,10,23031,0,0
80,57,31246,9,21,71721,0,0
81,38,65558,38,46,81807,0,0
82,33,138721,48,39,72312,0,0
83,62,38381,60,27,60766,1,0
84,35,147796,63,27,13449,1,0
85,64,56455,86,2,90833,0,0
86,41,112263,2,41,57699,0,0
87,43,24018,88,48,82253,1,0
88,42,31302,72,13,47092,0,0
89,62,87506,11,9,64671,0,1
90,58,61157,64,36,11350,1,0
91,46,74917,77,22,97158,1,0
92,32,112738,81,42,69487,1,0
93,62,116646,72,26,18622,1,0
94,18,103122,21,12,71263,0,0
95,42,44519,18,17,54117,0,0
96,24,116809,94,14,59394,0,0
97,26,107487,64,14,24782,0,0
98,41,76819,82,34,29454,1,0
99,18,100910,95,20,68904,0,0
100,61,140430,38,11,16592,0,0
101,25,91324,32,16,23173,0,0
102,41,25408,11,31,34204,0,0
103,28,79379,45,6,36596,0,0
104,34,45053,89,19,35324,0,0
105,25,29446,33,37,62202,0,0
106,52,20922,41,4,90400,0,0
107,52,118723,8,47,31750,0,0
108,50,71356,11,4,77112,0,1
109,22,30789,86,20,17566,0,0
110,59,117720,51,10,8190,0,0
111,56,86656,88,24,89607,1,0
112,58,64028,41,35,39333,0,0
113,45,84484,17,26,81905,0,0
114,24,52154,76,37,90571,1,0
115,26,102870,46,38,2589,0,0
116,25,22336,32,21,26235,0,0
117,29,123677,79,40,1159,1,0
118,51,87779,80,39,13145,1,0
119,50,39029,54,21,81909,1,0
120,40,79201,86,10,32921,0,0
121,41,52265,92,38,17237,1,0
122,54,122916,20,46,9244,0,0
123,52,132250,33,4,15743,0,0
124,61,136553,74,45,98102,1,0
125,57,63872,40,20,47101,0,0
126,39,66197,32,17,85227,0,0
127,44,145733,97,7,57378,0,0
128,52,75180,2,4,72126,0,1
129,18,43710,97,29,57071,1,0
130,52,49486,33,14,72121,0,0
131,54,91907,77,3,75763,0,0
132,64,148876,30,24,94814,0,0
133,31,91895,33,37,13237,0,0
134,20,84435,77,16,16649,0,0
135,18,60631,26,4,38713,0,1
136,22,149038,22,24,74463,0,0
137,43,121532,66,34,46409,1,0
138,31,40103,38,30,49766,0,0
139,56,84772,90,18,47154,0,0
140,44,146108,46,19,8016,0,0
141,26,34382,15,31,80563,0,0
142,32,104291,98,19,49688,0,0
143,32,121195,44,49,90678,0,0
144,43,23756,49,46,55238,0,0
145,59,40609,75,19,59608,0,0
146,30,134074,61,22,90081,1,0
147,49,36478,67,24,32897,1,0
148,56,120978,6,45,51961,0,0
149,49,59666,9,12,69703,0,0
150,21,95683,6,30,45757,0,0
151,47,119097,73,38,27917,1,0
152,54,144714,95,31,23736,1,0
153,40,120420,32,36,28990,0,0
154,56,91315,41,19,63551,0,0
155,62,97834,76,48,59161,1,0
156,32,146205,8,45,80623,0,0
157,60,34153,72,36,23440,1,0
158,46,129415,50,30,36205,0,0
159,53,96325,92,49,81811,1,0
160,30,129701,62,33,56103,1,0
161,49,32999,84,18,71812,0,0
162,24,75318,62,49,42627,1,0
163,39,20814,7,28,20008,0,0
164,45,135033,75,47,72274,1,0
165,19,96077,84,11,33402,0,0
166,59,110474,80,45,54384,1,0
167,62,22443,4,33,6793,0,0
168,23,95993,6,17,6571,0,0
169,45,95916,58,6,97867,0,0
170,45,93319,22,4,17209,0,1
171,61,145885,26,20,91930,0,0
172,61,129777,3,48,44148,0,0
173,37,37368,41,47,92218,0,0
174,47,35328,60,27,3224,1,0
175,28,76942,14,15,49695,0,0
176,45,111751,75,6,33441,0,0
177,42,119131,82,47,40129,1,0
178,56,47306,12,14,63368,0,0
179,50,105451,87,11,93122,0,0
180,18,59915,12,39,45760,0,0
181,44,57219,13,9,24478,0,1
182,30,100879,25,26,72854,0,0
183,58,131939,45,16,95230,0,0
184,20,84644,19,5,86716,0,1
185,56,80279,55,10,13180,0,0
186,23,73028,45,3,99538,0,0
187,25,124263,8,13,16372,0,0
188,44,20126,93,43,30796,1,0
189,26,72329,53,49,59272,1,0
190,54,47632,55,30,90963,1,0
191,50,127099,32,45,99826,0,0
192,59,85310,51,6,94635,0,0
193,61,129945,44,17,55040,0,0
194,41,75176,82,45,76357,1,0
195,32,139797,70,19,72368,0,0
196,49,106066,18,42,79356,0,0
197,49,125500,83,35,17211,1,0
198,41,146413,22,46,6842,0,0
199,58,64327,37,26,64115,0,0
200,29,88904,96,5,67852,0,0
201,56,23797,56,29,46968,1,0
202,19,67882,59,37,18508,1,0
203,20,33718,3,20,23005,0,0
204,54,54560,28,49,55575,0,0
205,34,96589,74,21,81742,1,0
206,19,42116,35,10,19971,0,0
207,19,56244,61,5,26599,0,0
208,45,121721,93,36,88592,1,0
209,40,21645,54,6,67914,0,0
210,54,67523,63,26,68055,1,0
211,49,144085,79,4,88697,0,0
212,50,137718,97,39,6355,1,0
213,18,39256,7,39,55120,0,0
214,36,121376,76,35,75619,1,0
215,19,120158,49,1,39342,0,0
216,61,73173,94,24,86992,1,0
217,43,57430,85,36,79860,1,0
218,49,59282,31,6,3257,0,0
219,23,139719,58,41,28364,1,0
220,49,83374,61,46,25972,1,0
221,21,88244,24,44,27654,0,0
222,28,31694,20,31,81769,0,0
223,34,76264,37,20,82423,0,0
224,55,95060,4,24,30320,0,0
225,41,117416,92,25,21808,1,0
226,22,77545,20,36,53389,0,0
227,51,138195,60,21,96690,1,0
228,23,59224,24,30,35773,0,0
229,39,122516,50,24,52168,0,0
230,28,117945,49,44,28747,0,0
231,33,33224,51,42,77396,1,0
232,50,60738,96,30,84692,1,0
233,26,45150,36,22,58505,0,0
234,23,83731,98,28,86896,1,0
235,33,69688,66,7,19135,0,0
236,46,119929,79,35,91887,1,0
237,20,128618,34,28,97035,0,0
238,37,93509,36,14,48377,0,0
239,53,28577,6,10,24554,0,0
240,36,28070,39,16,63491,0,0
241,43,146161,42,16,56621,0,0
242,20,28666,58,31,59283,1,0
243,36,77761,12,42,86140,0,0
244,37,141178,3,25,17923,0,0
245,49,56368,18,13,48591,0,0
246,24,26783,40,6,63261,0,0
247,58,131530,21,44,55336,0,0
248,50,61914,15,9,75083,0,1
249,57,90507,97,45,61948,1,0
250,56,147738,99,36,34002,1,0
251,35,99026,26,43,81098,0,0
252,57,135893,8,20,74016,0,0
253,18,131255,94,18,27672,0,0
254,28,130616,87,43,5213,1,0
255,45,87526,42,21,11293,0,0
256,42,90835,44,4,56860,0,0
257,40,65765,14,33,63507,0,0
258,48,39956,78,27,58134,1,0
259,47,107895,2,7,3100,0,1
260,59,66240,37,6,62997,0,0
261,52,141008,69,15,29172,0,0
262,24,57148,38,18,21132,0,0
263,33,114270,41,32,19199,0,0
264,43,147978,62,11,37609,0,0
265,19,24757,60,20,43965,0,0
266,18,39097,14,24,9016,0,0
267,29,30395,89,15,40779,0,0
268,22,36241,84,48,32881,1,0
269,54,123892,2,7,83594,0,1
270,49,47696,70,21,25472,1,0
271,26,135654,17,42,52813,0,0
272,58,90480,89,26,37021,1,0
273,52,66163,28,44,55131,0,0
274,36,39816,66,14,25087,0,0
275,33,69840,35,37,13828,0,0
276,20,122547,5,21,62610,0,0
277,37,72853,65,18,97664,0,0
278,41,44917,40,5,2401,0,0
279,50,116731,76,3,86179,0,0
280,41,41566,56,23,16193,1,0
281,28,95452,36,26,93389,0,0
282,25,82823,45,37,45864,0,0
283,53,141392,23,24,21307,0,0
284,55,40806,47,49,20611,0,0
285,57,95520,31,19,44791,0,0
286,37,21759,11,25,12950,0,0
287,52,146092,10,21,77240,0,0
288,42,61949,67,12,78403,0,0
289,52,112374,14,41,3745,0,0
290,42,22482,80,33,56243,1,0
291,46,44442,74,4,4866,0,0
292,35,53719,93,42,33245,1,0
293,63,78066,10,7,45724,0,1
294,35,113501,76,22,72354,1,0
295,19,22079,94,33,52374,1,0
296,52,22717,1,17,31116,0,0
297,33,79676,5,24,82029,0,0
298,58,47952,20,34,94574,0,0
299,53,106444,8,28,21447,0,0
300,50,62460,43,43,31431,0,0
301,21,110397,76,41,18908,1,0
302,50,92847,1,39,30336,0,0
303,31,113607,57,22,41992,1,0
304,38,109106,64,49,56350,1,0
305,37,38449,84,17,70561,0,0
306,25,53536,28,34,52955,0,0
307,24,84077,37,6,62240,0,0
308,20,58258,47,46,21093,0,0
309,34,68302,76,6,7155,0,0
310,50,145937,37,34,47607,0,0
311,29,48865,49,1,34487,0,0
312,39,26645,44,10,56668,0,0
313,39,139771,56,21,21963,1,0
314,63,58000,28,5,51124,0,1
315,47,46737,79,2,53870,0,0
316,55,31485,6,22,57547,0,0
317,55,58565,61,48,65110,1,0
318,62,45522,20,2,54554,0,1
319,25,139614,78,10,21936,0,0
320,44,85155,2,34,5426,0,0
321,44,75168,73,16,89839,0,0
322,51,72487,37,48,28606,0,0
323,38,149948,20,39,48832,0,0
324,47,32342,26,22,29151,0,0
325,50,60806,29,12,80303,0,0
326,45,68770,1,24,12308,0,0
327,64,98623,35,47,63522,0,0
328,50,123177,70,40,46671,1,0
329,22,119785,59,38,91306,1,0
330,36,95629,69,10,95108,0,0
331,21,140993,33,35,3204,0,0
332,52,72603,51,49,93769,1,0
333,34,146944,78,32,88265,1,0
334,61,132726,12,7,32131,0,1
335,45,101974,20,21,53428,0,0
336,47,125947,53,20,34870,0,0
337,46,46399,88,26,50067,1,0
338,63,148177,43,4,59585,0,0
339,23,105382,98,46,22607,1,0
340,52,101244,89,22,25968,1,0
341,58,129575,50,15,99934,0,0
342,54,135520,29,40,12908,0,0
343,41,130904,57,21,27423,1,0
344,46,96534,39,15,75707,0,0
345,63,75106,95,22,79257,1,0
346,48,132599,56,28,62215,1,0
347,52,50678,43,14,56835,0,0
348,50,96218,50,27,50429,0,0
349,38,83230,23,41,83152,0,0
350,49,134684,44,40,39458,0,0
351,40,94055,38,28,47169,0,0
352,50,76373,84,26,8659,1,0
353,20,51480,23,49,61614,0,0
354,35,105230,45,2,78240,0,0
355,42,88836,52,25,33793,1,0
356,59,92258,80,3,47473,0,0
357,48,59986,50,8,97762,0,0
358,20,44160,8,44,90388,0,0
359,57,105595,85,33,98618,1,0
360,63,121358,1,42,89330,0,0
361,41,99111,8,35,56751,0,0
362,49,84929,29,6,79915,0,1
363,64,93506,96,39,55254,1,0
364,39,54911,5,23,8006,0,0
365,40,107127,86,25,75218,1,0
366,19,51821,47,43,66344,0,0
367,44,95039,34,19,34840,0,0
368,59,80535,65,5,33430,0,0
369,19,133453,55,11,24091,0,0
370,43,104458,90,12,33983,0,0
371,34,32175,43,10,24989,0,0
372,57,139235,74,8,76451,0,0
373,50,74771,30,24,19990,0,0
374,26,126660,82,28,91270,1,0
375,60,147157,17,41,81360,0,0
376,56,141300,26,36,37081,0,0
377,46,106925,8,37,12033,0,0
378,59,133374,47,21,17241,0,0
379,43,86358,76,8,6939,0,0
380,52,37327,91,9,48562,0,0
381,42,67057,72,47,36063,1,0
382,41,26150,89,15,77721,0,0
383,30,24425,46,48,28045,0,0
384,24,143654,68,46,45769,1,0
385,53,36032,33,40,48118,0,0
386,62,22198,1,18,85703,0,0
387,37,80500,19,42,22625,0,0
388,18,73394,31,20,28076,0,0
389,25,40079,80,6,65805,0,0
390,63,56220,14,12,45605,0,0
391,33,61874,53,2,85565,0,0
392,31,33859,48,7,89509,0,0
393,29,70460,69,16,40121,0,0
394,40,51419,90,3,66101,0,0
395,32,138865,62,45,32433,1,0
396,45,28705,92,3,44309,0,0
397,51,62880,66,27,68468,1,0
398,19,149838,64,43,45254,1,0
399,49,43236,70,40,68293,1,0
400,40,107955,63,38,97258,1,0
401,39,105514,73,33,38853,1,0
402,42,123145,33,28,39405,0,0
403,39,35358,41,1,67652,0,0
404,39,119713,89,8,44527,0,0
405,59,114914,48,37,78227,0,0
406,23,122870,13,32,1492,0,0
407,32,96918,73,48,94418,1,0
408,60,139179,77,43,9811,1,0
409,54,136243,31,37,94344,0,0
410,50,34596,75,4,25272,0,0
411,25,53572,68,30,94935,1,0
412,61,98757,98,6,73010,0,0
413,61,21279,4,46,93492,0,0
414,22,83197,19,19,48153,0,0
415,56,131496,70,32,55110,1,0
416,21,82516,98,9,14979,0,0
417,23,27083,82,12,29328,0,0
418,62,140674,13,11,13867,0,0
419,49,140307,23,46,60234,0,0
420,47,146457,83,16,26851,0,0
421,64,129397,75,1,32279,0,0
422,52,37771,1,45,97063,0,0
423,57,49975,88,21,74402,1,0
424,33,65648,54,30,16449,1,0
425,30,145641,71,13,77221,0,0
426,59,68285,89,34,90080,1,0
427,47,39063,85,4,6451,0,0
428,36,87642,15,28,88178,0,0
429,34,110093,65,38,42316,1,0
430,36,134390,76,31,64064,1,0
431,45,106143,71,27,64761,1,0
432,43,57599,15,5,39870,0,1
433,54,71920,21,25,97566,0,0
434,43,48529,19,3,31873,0,1
435,40,55954,60,33,59627,1,0
436,26,47856,93,4,67155,0,0
437,29,22573,89,25,26372,1,0
438,18,98344,33,20,4642,0,0
439,18,55367,49,34,29001,0,0
440,64,122337,96,26,35064,1,0
441,51,126732,35,5,95826,0,0
442,49,119608,44,35,15122,0,0
443,42,80774,90,28,25820,1,0
444,57,43752,11,29,69431,0,0
445,62,75029,99,9,56745,0,0
446,18,37685,72,38,51081,1,0
447,33,71693,78,6,71902,0,0
448,56,136739,74,19,9711,0,0
449,22,75961,66,44,86132,1,0
450,39,126937,46,11,19793,0,0
451,46,144956,9,2,9199,0,1
452,20,96908,3,47,77253,0,0
453,29,145537,85,44,37191,1,0
454,43,146678,26,44,11211,0,0
455,33,94532,72,9,64069,0,0
456,54,101994,48,21,89896,0,0
457,39,76133,66,24,57746,1,0
458,46,117425,70,34,22542,1,0
459,31,145055,28,22,32312,0,0
460,45,81268,93,3,46242,0,0
461,22,112201,26,12,94783,0,0
462,64,58243,25,28,88893,0,0
463,47,77384,12,30,56388,0,0
464,63,51653,5,26,28691,0,0
465,22,46657,98,48,78960,1,0
466,29,59952,48,21,85388,0,0
467,33,42180,37,28,23601,0,0
468,43,117432,79,26,19020,1,0
469,43,141829,44,33,9155,0,0
470,38,148377,15,21,70119,0,0
471,56,98411,43,35,82051,0,0
472,53,21622,48,34,37777,0,0
473,50,68756,87,41,20710,1,0
474,47,60809,70,47,25532,1,0
475,54,36725,46,18,19601,0,0
476,40,81396,43,11,64227,0,0
477,27,71226,21,23,5967,0,0
478,22,126296,23,48,85289,0,0
479,53,101182,80,22,21022,1,0
480,51,102565,47,17,44463,0,0
481,48,49402,15,5,75671,0,1
482,27,24263,25,44,6722,0,0
483,36,143489,36,11,28413,0,0
484,49,116523,75,30,93772,1,0
485,18,66828,51,15,82050,0,0
486,22,140824,15,27,86867,0,0
487,62,67924,68,35,84596,1,0
488,21,94182,21,33,67732,0,0
489,33,113065,13,20,13297,0,0
490,41,79052,86,16,69323,0,0
491,33,31664,19,34,24816,0,0
492,19,55737,34,2,41695,0,0
493,45,121332,78,35,20702,1,0
494,49,109563,68,40,26242,1,0
495,44,49373,52,28,56841,1,0
496,37,137369,27,47,68712,0,0
497,41,56397,29,39,86663,0,0
498,29,148575,28,6,93764,0,1
499,52,106145,35,9,54574,0,0
500,50,121371,8,20,86744,0,0
501,50,58709,16,1,29482,0,1
502,60,136074,36,8,10171,0,0
503,54,81120,30,23,99932,0,0
504,29,39250,18,3,4696,0,1
505,20,41172,2,4,21058,0,1
506,18,31555,49,25,21313,0,0
507,50,107410,77,47,20149,1,0
508,57,98617,4,38,54521,0,0
509,27,73276,90,15,46740,0,0
510,60,77492,89,21,5956,1,0
511,61,73002,94,35,76731,1,0
512,46,140103,75,46,83612,1,0
513,30,144938,7,14,67641,0,0
514,29,109599,95,36,64811,1,0
515,48,92355,74,12,53160,0,0
516,63,111248,39,17,52313,0,0
517,19,44762,13,39,64232,0,0
518,52,31046,31,9,16417,0,0
519,40,116999,71,35,25729,1,0
520,34,144130,63,13,31099,0,0
521,43,136021,56,15,99134,0,0
522,25,48769,42,18,30961,0,0
523,46,73302,61,33,13602,1,0
524,43,43150,42,6,10256,0,0
525,27,88247,56,27,87120,1,0
526,43,24853,36,23,35681,0,0
527,51,114613,84,27,92328,1,0
528,58,140900,68,34,88440,1,0
529,24,109399,7,46,65789,0,0
530,21,41792,54,38,44361,1,0
531,62,79129,1,14,65503,0,0
532,28,126019,44,36,35540,0,0
533,46,94478,45,8,27536,0,0
534,53,133811,47,35,85700,0,0
535,42,134130,13,19,64043,0,0
536,38,87298,22,30,79532,0,0
537,53,51987,21,14,57575,0,0
538,27,35850,86,20,3871,0,0
539,54,32112,92,49,47002,1,0
540,26,141789,9,25,50812,0,0
541,41,44058,26,40,23626,0,0
542,52,65420,9,24,60979,0,0
543,52,58890,15,14,77057,0,0
544,53,86017,10,26,67668,0,0
545,35,67304,88,38,81070,1,0
546,56,52921,42,23,90390,0,0
547,49,125921,72,22,43998,1,0
548,41,21524,24,48,64814,0,0
549,40,120424,80,19,46607,0,0
550,49,35048,49,46,8812,0,0
551,54,55111,26,3,62844,0,1
552,29,57904,91,42,71093,1,0
553,30,74912,37,19,3179,0,0
554,40,54008,68,9,44798,0,0
555,42,20060,50,28,75601,0,0
556,52,94666,24,20,9275,0,0
557,58,103559,19,45,51574,0,0
558,47,75337,60,7,48857,0,0
559,34,130616,39,14,21700,0,0
560,37,33350,74,9,40464,0,0
561,42,44354,89,19,43351,0,0
562,39,65186,18,47,94330,0,0
563,30,48145,19,14,95319,0,0
564,36,54020,36,38,83534,0,0
565,53,106123,74,36,14869,1,0
566,29,126667,97,40,61315,1,0
567,58,95186,55,17,94688,0,0
568,36,105469,69,30,21954,1,0
569,29,40581,47,9,32555,0,0
570,26,108929,49,33,64353,0,0
571,24,43051,99,25,83190,1,0
572,45,71474,98,14,46026,0,0
573,31,111748,33,11,47976,0,0
574,48,145995,21,35,81578,0,0
575,36,134618,81,41,92502,1,0
576,64,89626,22,14,46095,0,0
577,33,26960,48,30,15270,0,0
578,22,55772,37,41,31908,0,0
579,52,41520,15,4,16523,0,1
580,29,69481,35,4,63433,0,0
581,42,56408,92,28,48068,1,0
582,38,114006,71,8,20991,0,0
583,53,148496,32,2,11775,0,0
584,40,77134,11,41,78801,0,0
585,33,40491,10,46,85995,0,0
586,56,21341,73,22,62250,1,0
587,62,64623,78,41,17673,1,0
588,59,110327,77,16,28056,0,0
589,56,20338,57,29,7614,1,0
590,31,91431,25,49,8415,0,0
591,48,32254,2,48,89691,0,0
592,22,71860,64,30,44884,1,0
593,52,31344,35,12,17964,0,0
594,40,21750,7,35,38726,0,0
595,46,74756,85,11,38044,0,0
596,60,87957,18,46,58149,0,0
597,28,125423,67,21,38544,1,0
598,35,78053,42,21,50976,0,0
599,64,90855,39,5,33252,0,0
600,29,35896,41,48,4832,0,0
601,26,75761,75,20,91811,0,0
602,27,82552,24,37,81437,0,0
603,61,140075,60,3,35148,0,0
604,34,97454,46,44,62240,0,0
605,55,146522,19,33,89454,0,0
606,24,138681,68,9,86076,0,0
607,63,110600,90,9,78116,0,0
608,30,142732,42,4,54459,0,0
609,57,132153,32,35,39402,0,0
610,59,142926,39,17,58727,0,0
611,26,47935,36,34,39578,0,0
612,44,57641,97,24,91453,1,0
613,19,49711,36,32,23318,0,0
614,22,90342,3,1,76715,0,1
615,46,126896,73,8,78787,0,0
616,54,32182,8,45,86029,0,0
617,55,107833,97,23,21466,1,0
618,36,76276,70,47,96742,1,0
619,25,39541,41,40,46475,0,0
620,62,114457,68,12,61142,0,0
621,18,102310,13,12,86160,0,0
622,39,64813,49,46,27564,0,0
623,34,57198,60,47,23412,1,0
624,24,28820,2,15,94526,0,0
625,42,44070,60,41,52001,1,0
626,62,89768,5,19,58649,0,0
627,21,31122,44,26,61957,0,0
628,53,100559,27,29,36517,0,0
629,23,93543,32,22,14156,0,0
630,48,103441,21,40,24064,0,0
631,36,61786,8,21,26711,0,0
632,61,114934,72,38,31106,1,0
633,56,119804,50,20,66458,0,0
634,44,26737,67,29,17589,1,0
635,27,56062,44,4,90272,0,0
636,43,74237,58,7,87511,0,0
637,36,71571,3,28,8214,0,0
638,56,45510,86,28,97117,1,0
639,20,39426,70,4,86731,0,0
640,62,57265,2,22,28127,0,0
641,30,37850,87,12,6141,0,0
642,45,138249,44,45,29884,0,0
643,37,86150,2,3,91421,0,1
644,45,107312,81,22,3708,1,0
645,25,109613,35,44,19375,0,0
646,58,94910,98,2,16088,0,0
647,56,72375,87,24,58615,1,0
648,18,141826,30,34,46046,0,0
649,20,55435,8,27,11014,0,0
650,30,116443,22,41,65425,0,0
651,45,77132,44,1,4273,0,0
652,42,98945,58,8,48135,0,0
653,50,102050,36,23,31881,0,0
654,55,149828,69,38,98022,1,0
655,23,115402,77,6,79077,0,0
656,61,22983,93,22,9712,1,0
657,62,117241,31,25,75704,0,0
658,49,40662,47,18,53874,0,0
659,62,43510,55,17,70087,0,0
660,64,98187,80,12,13297,0,0
661,38,60998,62,6,28128,0,0
662,33,76846,30,26,69368,0,0
663,38,114071,55,27,95019,1,0
664,28,26640,16,8,88599,0,1
665,54,64547,12,19,89499,0,0
666,53,74620,17,42,79958,0,0
667,52,35317,16,1,33920,0,1
668,36,135608,12,29,12156,0,0
669,37,27564,8,45,12108,0,0
670,35,47345,84,49,32845,1,0
671,64,133824,3,35,3800,0,0
672,58,114223,16,40,43712,0,0
673,31,143372,30,14,3610,0,0
674,32,99273,23,35,78603,0,0
675,48,94859,92,48,34872,1,0
676,18,100765,5,45,11728,0,0
677,20,130017,84,20,96102,0,0
678,33,94038,65,49,96319,1,0
679,40,143618,30,13,21583,0,0
680,28,72393,21,38,86774,0,0
681,29,86081,84,49,8263,1,0
682,27,145341,70,46,68450,1,0
683,49,122650,22,49,90285,0,0
684,33,49430,82,8,20456,0,0
685,25,95532,72,43,92118,1,0
686,55,47788,32,20,66942,0,0
687,29,115505,33,33,14689,0,0
688,41,68543,16,26,33934,0,0
689,45,33919,76,39,34276,1,0
690,25,89346,38,21,20873,0,0
691,45,116122,98,49,14050,1,0
692,53,59974,14,42,67216,0,0
693,43,127309,36,43,85444,0,0
694,25,36371,97,41,85040,1,0
695,45,65084,23,9,22644,0,1
696,45,49629,66,24,63021,1,0
697,54,71184,85,37,38125,1,0
698,58,81916,2,49,67899,0,0
699,53,147293,91,41,43291,1,0
700,44,93972,73,17,36060,0,0
701,34,82187,65,24,2538,1,0
702,26,32984,75,21,37176,1,0
703,50,53039,67,39,42520,1,0
704,37,105431,52,41,26675,1,0
705,30,103691,62,39,19287,1,0
706,45,78606,23,13,1174,0,0
707,46,30616,26,11,93268,0,0
708,30,122665,68,46,35998,1,0
709,63,125373,82,19,54312,0,0
710,52,70072,55,11,13112,0,0
711,23,44574,6,13,76225,0,0
712,35,23430,35,46,45814,0,0
713,22,139123,22,45,86091,0,0
714,64,32676,43,1,51719,0,0
715,42,30816,15,40,34919,0,0
716,19,52733,86,44,74155,1,0
717,27,105680,60,19,72569,0,0
718,47,22050,12,12,42328,0,0
719,62,129996,49,8,71482,0,0
720,22,53933,42,8,25618,0,0
721,50,44951,38,45,35675,0,0
722,18,52413,82,12,19919,0,0
723,35,54801,45,48,5173,0,0
724,49,75619,35,33,27400,0,0
725,64,52913,30,45,51445,0,0
726,28,132573,88,26,71305,1,0
727,38,139076,30,39,38564,0,0
728,43,60600,78,28,46814,1,0
729,42,77775,6,5,80747,0,1
730,39,110816,67,8,89791,0,0
731,44,149972,80,25,28962,1,0
732,30,110093,7,27,85892,0,0
733,50,132590,52,46,86842,1,0
734,51,55400,14,23,71533,0,0
735,58,24494,73,30,57184,1,0
736,52,100688,15,45,83912,0,0
737,18,142744,21,47,11578,0,0
738,38,109431,35,23,19624,0,0
739,23,94691,66,49,40194,1,0
740,45,117419,91,47,1389,1,0
741,34,128730,2,20,68391,0,0
742,22,63001,35,18,14794,0,0
743,48,87364,82,18,59002,0,0
744,22,144988,78,2,36531,0,0
745,55,65028,20,4,53815,0,1
746,20,127434,82,30,5986,1,0
747,40,117659,10,33,33298,0,0
748,54,57573,25,36,2481,0,0
749,54,20806,66,18,57408,0,0
750,27,144343,25,37,70267,0,0
751,27,76638,54,19,17835,0,0
752,36,148301,33,47,28798,0,0
753,34,146295,36,28,92649,0,0
754,38,126506,95,40,65887,1,0
755,31,49757,14,20,20477,0,0
756,26,54636,65,49,18266,1,0
757,63,100097,80,33,87328,1,0
758,18,68280,54,12,86988,0,0
759,62,44262,52,15,44526,0,0
760,30,100435,3,41,12889,0,0
761,21,82211,99,39,25335,1,0
762,18,74842,41,2,12254,0,0
763,57,148583,6,29,87610,0,0
764,49,76979,25,41,12442,0,0
765,51,134524,13,10,47289,0,0
766,45,101470,98,2,54747,0,0
767,48,58197,8,11,38327,0,0
768,25,61844,21,13,17199,0,0
769,56,84754,98,10,73827,0,0
770,43,121868,68,14,1112,0,0
771,51,54157,25,18,88051,0,0
772,20,97129,79,9,20581,0,0
773,29,60042,68,39,60722,1,0
774,18,81665,45,28,93036,0,0
775,61,135512,60,3,98562,0,0
776,22,136953,12,20,17523,0,0
777,47,102856,32,6,67960,0,0
778,47,47376,96,27,20552,1,0
779,34,129049,92,2,11808,0,0
780,64,75554,13,29,73525,0,0
781,40,34199,31,38,24620,0,0
782,32,138533,78,3,1887,0,0
783,54,101412,20,16,32802,0,0
784,38,70948,18,30,86024,0,0
785,31,93781,93,40,96549,1,0
786,19,92750,60,2,82938,0,0
787,28,86262,63,17,87741,0,0
788,56,137424,6,41,27049,0,0
789,55,66600,32,12,78789,0,0
790,51,96898,93,35,85526,1,0
791,55,82483,43,43,8846,0,0
792,51,38297,2,1,91563,0,1
793,35,50448,60,45,47220,1,0
794,47,46172,23,15,47163,0,0
795,32,62874,83,26,4765,1,0
796,44,27657,31,37,82486,0,0
797,51,104386,5,21,46270,0,0
798,55,145617,83,49,76277,1,0
799,50,45425,34,31,89278,0,0
800,41,46685,10,25,91239,0,0
801,32,142000,89,23,23931,1,0
802,47,132855,2,24,90116,0,0
803,59,44578,11,38,56633,0,0
804,34,48831,50,28,81702,0,0
805,22,27906,31,21,52913,0,0
806,46,81413,56,43,95776,1,0
807,21,74028,79,18,26991,0,0
808,27,27287,73,36,55845,1,0
809,34,53660,87,35,99505,1,0
810,27,95758,83,45,56312,1,0
811,34,80504,9,9,11561,0,1
812,37,79720,99,38,17901,1,0
813,41,122979,21,30,96556,0,0
814,22,54701,73,44,63875,1,0
815,51,103300,28,34,26917,0,0
816,23,130177,62,32,63120,1,0
817,19,37674,7,3,2988,0,1
818,30,103560,80,3,15256,0,0
819,60,131543,16,28,88728,0,0
820,60,43874,97,44,29230,1,0
821,28,63642,4,15,60778,0,0
822,64,143867,4,41,46833,0,0
823,40,117820,40,23,23625,0,0
824,33,85160,17,40,33088,0,0
825,48,37602,52,11,80650,0,0
826,28,123320,93,48,42167,1,0
827,33,108801,52,32,72291,1,0
828,25,45931,36,36,66303,0,0
829,21,114377,38,33,77361,0,0
830,57,49192,50,24,89229,0,0
831,21,66542,63,39,5117,1,0
832,42,147015,63,34,91265,1,0
833,20,62520,62,28,98718,1,0
834,49,84772,99,37,61710,1,0
835,20,78762,7,7,95426,0,1
836,44,70106,27,4,95876,0,1
837,46,101121,92,37,68054,1,0
838,49,45559,86,1,31949,0,0
839,36,125595,14,1,23547,0,1
840,38,53742,71,47,82882,1,0
841,22,89669,86,20,69136,0,0
842,35,100199,5,19,65619,0,0
843,45,41754,55,29,62842,1,0
844,59,23972,2,10,95803,0,0
845,39,90831,62,18,27990,0,0
846,38,132217,91,28,17193,1,0
847,23,61873,21,35,31109,0,0
848,18,114661,79,43,20233,1,0
849,22,126532,21,47,82730,0,0
850,58,146267,10,31,35510,0,0
851,29,29903,87,27,2306,1,0
852,43,23020,58,11,4849,0,0
853,63,61755,39,49,13360,0,0
854,51,105956,5,49,95767,0,0
855,31,106988,65,38,46800,1,0
856,43,65648,13,5,37963,0,1
857,62,123537,85,8,55330,0,0
858,44,145991,90,34,52707,1,0
859,26,29516,85,48,19689,1,0
860,43,132863,53,12,30084,0,0
861,64,135005,82,38,41387,1,0
862,39,22396,45,1,75816,0,0
863,64,104082,32,31,3642,0,0
864,47,39129,36,4,43137,0,0
865,60,148322,81,49,80832,1,0
866,34,21591,99,45,56561,1,0
867,43,31303,60,5,63260,0,0
868,53,50561,11,30,16438,0,0
869,18,91719,63,24,49442,1,0
870,25,138618,21,3,3994,0,1
871,52,112108,52,11,2813,0,0
872,32,148748,55,45,94027,1,0
873,64,119616,26,4,85381,0,1
874,39,144165,68,26,56276,1,0
875,31,106231,34,27,42243,0,0
876,43,27314,52,46,63912,1,0
877,45,137071,82,43,61272,1,0
878,40,39623,99,27,43051,1,0
879,31,87675,93,42,79854,1,0
880,41,132992,52,6,83736,0,0
881,19,116826,29,15,66618,0,0
882,62,85082,38,30,2920,0,0
883,43,149839,42,42,78219,0,0
884,31,103624,21,37,77872,0,0
885,24,125228,42,37,82132,0,0
886,20,53130,13,42,3093,0,0
887,64,71756,64,37,13905,1,0
888,40,117624,17,35,25351,0,0
889,63,46292,9,23,31981,0,0
890,60,131785,41,6,74903,0,0
891,64,147331,1,4,71821,0,1
892,62,106206,2,18,83289,0,0
893,35,89274,60,9,85021,0,0
894,55,22469,48,49,79513,0,0
895,52,73947,29,29,20874,0,0
896,32,42534,97,13,51931,0,0
897,42,83620,10,47,8674,0,0
898,54,68874,58,17,51516,0,0
899,45,69708,60,45,95574,1,0
900,27,94553,21,32,61686,0,0
901,56,88344,28,48,95851,0,0
902,34,69138,75,22,70212,1,0
903,56,74302,34,4,3426,0,0
904,39,67638,8,5,91009,0,1
905,43,98249,59,37,69498,1,0
906,61,125865,86,41,30943,1,0
907,42,22719,72,49,67395,1,0
908,34,42890,49,13,45816,0,0
909,30,97236,79,34,5138,1,0
910,37,56509,17,45,92176,0,0
911,42,62534,60,22,76945,1,0
912,21,122302,87,23,5017,1,0
913,27,112241,88,3,11451,0,0
914,20,38787,45,42,63956,0,0
915,58,146209,83,34,94863,1,0
916,62,68845,69,32,11278,1,0
917,35,77932,32,45,91480,0,0
918,64,112124,44,49,44764,0,0
919,53,111659,65,21,2134,1,0
920,64,53062,87,46,63943,1,0
921,39,95713,8,44,96667,0,0
922,51,107263,77,21,55318,1,0
923,64,115756,72,44,61128,1,0
924,25,80461,87,11,89056,0,0
925,57,95418,43,39,22869,0,0
926,61,86672,1,4,6039,0,1
927,36,148232,51,1,22281,0,0
928,59,54832,24,28,11442,0,0
929,58,147335,99,24,74788,1,0
930,54,51966,24,35,28586,0,0
931,23,92545,17,13,54053,0,0
932,43,32987,5,47,51489,0,0
933,51,57311,20,34,84104,0,0
934,62,51575,21,11,87346,0,0
935,23,83852,58,36,68087,1,0
936,54,147650,31,17,13625,0,0
937,50,21007,11,35,35397,0,0
938,39,90981,52,18,59671,0,0
939,38,96242,15,40,92785,0,0
940,23,67517,83,22,67897,1,0
941,23,130022,7,24,27149,0,0
942,21,49257,28,19,61030,0,0
943,47,107272,51,37,70906,1,0
944,28,62207,58,39,6283,1,0
945,47,33281,5,21,8610,0,0
946,48,81246,5,8,44326,0,1
947,41,21435,94,28,15924,1,0
948,26,118875,96,5,77162,0,0
949,20,120686,8,17,1869,0,0
950,48,111357,64,37,98088,1,0
951,57,46660,10,36,2014,0,0
952,54,25084,38,19,11103,0,0
953,53,102197,96,27,83522,1,0
954,41,33507,92,34,97007,1,0
955,48,92595,81,11,34458,0,0
956,23,103807,95,45,91605,1,0
957,19,65539,8,47,83409,0,0
958,37,135953,25,12,24248,0,0
959,45,27491,73,21,90160,1,0
960,28,147706,66,11,44516,0,0
961,21,132831,79,39,30061,1,0
962,32,70192,50,28,25170,0,0
963,23,100395,67,5,9024,0,0
964,47,143797,49,17,83214,0,0
965,55,83888,36,20,86947,0,0
966,19,93609,68,41,44803,1,0
967,32,29077,78,46,20296,1,0
968,28,137440,41,12,92829,0,0
969,25,142901,89,6,93708,0,0
970,43,40953,62,17,87664,0,0
971,62,96919,10,19,19257,0,0
972,61,134682,21,26,13855,0,0
973,22,141041,36,48,86178,0,0
974,23,87889,12,44,21025,0,0
975,43,43821,91,44,5458,1,0
976,21,57567,2,32,64610,0,0
977,36,135374,13,6,71843,0,1
978,37,44860,53,36,84961,1,0
979,50,41195,32,38,50831,0,0
980,37,97475,95,11,44427,0,0
981,29,110874,16,33,94809,0,0
982,64,107266,32,24,39506,0,0
983,18,41427,32,23,6668,0,0
984,43,120732,98,15,92470,0,0
985,31,47083,11,27,48195,0,0
986,55,107046,10,11,74233,0,0
987,54,77372,15,17,25417,0,0
988,28,143786,17,14,82982,0,0
989,53,64064,40,27,11751,0,0
990,30,27813,18,18,47218,0,0
991,60,51598,55,28,8352,1,0
992,20,132718,73,47,80052,1,0
993,50,146879,25,47,89835,0,0
994,23,113106,59,4,98493,0,0
995,27,47082,78,7,29927,0,0
996,22,49241,89,45,42094,1,0
997,40,116214,22,35,55122,0,0
998,27,64569,30,48,30493,0,0
999,61,31745,84,9,93247,0,0
1000,19,46029,85,8,74539,0,0
